DivisionAb,DivisionName,DivisionId,state,WinningParty2022,WinningParty2019,WinningPercent2022,WinningPercent2019,ChangedWinningParty,ChangeInWinningPercent,2022WinningPartyOwnChangeInPercent,avg_age,avg_educ_years,avg_weekly_income,erp,net_migration
BANK,Banks,103.0,NSW,LP,LP,0.5626185544532868,0.5144046664885564,0,0.0482138879647303,0.0482138879647303,44.34516963142491,10.395970873626483,1724.3859379956157,246738.93,-3036.45
BART,Barton,104.0,NSW,ALP,ALP,0.5941472855283794,0.5830083692504162,0,0.0111389162779631,0.0111389162779631,24.572478432682555,5.836013313053893,1002.3948524210224,227039.93,-2025.65
BENN,Bennelong,105.0,NSW,LP,LP,0.5691189450184311,0.5971636434604417,0,-0.0280446984420106,-0.0280446984420106,45.15229591017082,11.131567950626817,2021.3268749391395,162306.40000000002,-1868.81
BERO,Berowra,106.0,NSW,LP,LP,0.6564871682970186,0.6644543008179372,0,-0.0079671325209186,-0.0079671325209186,46.354738405738615,10.766595789138217,2238.758107523317,156042.54,292.55999999999995
BLAX,Blaxland,107.0,NSW,ALP,ALP,0.6472007722007722,0.6948363272203792,0,-0.047635555019607,-0.047635555019607,46.85291879453985,11.058922824919373,1717.8995544208165,339619.52,-5108.64
BRFD,Bradfield,108.0,NSW,LP,LP,0.6656438846301863,0.7103509408975373,0,-0.0447070562673509,-0.0447070562673509,50.55225221731024,11.563671072210438,2477.6461581644176,124641.54,-1276.7399999999998
CALA,Calare,109.0,NSW,NP,NP,0.6329203743479594,0.6180617882287242,0,0.0148585861192352,0.0148585861192352,45.4926960978306,9.321496794092736,1409.1121852722422,26181.860000000004,43.47
CHIF,Chifley,111.0,NSW,ALP,ALP,0.6237061292662023,0.6918627072888546,0,-0.0681565780226522,-0.0681565780226522,45.798778519613336,11.096347858492829,2037.7405408078328,387104.0,45.0
COOK,Cook,112.0,NSW,LP,LP,0.6901928251598013,0.653936641680801,0,0.0362561834790002,0.0362561834790002,30.83508134045204,6.924059792657383,1355.5048218310098,151692.09999999998,312.52000000000004
COWP,Cowper,113.0,NSW,NP,NP,0.5679251004472746,0.5455538372317804,0,0.0223712632154942,0.0223712632154942,54.27987067353,10.367051921009404,1289.115326925755,29802.660000000003,233.82
CUNN,Cunningham,114.0,NSW,ALP,ALP,0.634067363946085,0.633248730964467,0,0.0008186329816179,0.0008186329816179,49.26176502018919,10.847006928511648,1803.8385966500207,217341.26,38.88
DOBE,Dobell,115.0,NSW,ALP,ALP,0.5149576651257233,0.5481411754970312,0,-0.0331835103713079,-0.0331835103713079,47.17430849270691,9.785990319887285,1528.0755090613682,315913.78,622.44
EMON,Eden-Monaro,117.0,NSW,ALP,ALP,0.5084878953042041,0.5293059098751971,0,-0.0208180145709929,-0.0208180145709929,51.22147973898874,10.90714455449826,1692.460396480196,27923.43,236.81
FARR,Farrer,118.0,NSW,LP,LP,0.6093635924276857,0.7052671905900869,0,-0.0959035981624012,-0.0959035981624012,52.23096080519263,10.4742757860411,1455.279956615018,6459.259999999999,35.120000000000005
FOWL,Fowler,119.0,NSW,ALP,ALP,0.6399407152419201,0.6748731862687272,0,-0.034932471026807,-0.034932471026807,47.33662210794572,10.849765838127349,1662.376464943351,216290.45,-2182.46
GILM,Gilmore,120.0,NSW,ALP,LP,0.5261290712036926,0.5072841648169508,1,0.0188449063867417,0.0334132360206433,55.08210299653729,10.596416130318644,1435.2612847933833,88809.36,1317.28
GRAY,Grayndler,121.0,NSW,ALP,ALP,0.6630450664829775,0.6582197857191602,0,0.0048252807638172,0.0048252807638172,39.37047933416162,9.851607865090312,1953.958833023432,175366.06,-2872.7
GREE,Greenway,122.0,NSW,ALP,ALP,0.5279717717025977,0.5631040714838971,0,-0.0351322997812993,-0.0351322997812993,45.31216876032577,10.985575815665138,2006.0563176074768,377342.16,-173.49
HUGH,Hughes,124.0,NSW,LP,LP,0.5984752489763433,0.5932541375191946,0,0.0052211114571486,0.0052211114571486,47.62591695568655,10.788345243069958,2066.6261150112964,227381.57,865.4300000000001
HUME,Hume,125.0,NSW,LP,LP,0.6298881318209328,0.6017929378054947,0,0.0280951940154381,0.0280951940154381,52.7749269481031,10.637288430721522,1655.918257895746,26320.120000000003,208.21
HUNT,Hunter,126.0,NSW,ALP,ALP,0.5297669221570972,0.6246242199324115,0,-0.0948572977753142,-0.0948572977753142,48.17026949174154,10.546675998432097,1794.8252798434692,37246.37,258.41
KSMI,Kingsford Smith,127.0,NSW,ALP,ALP,0.5880838348732729,0.5856904074500184,0,0.0023934274232544,0.0023934274232544,16.247639911435925,4.145221390042298,794.2508066805358,106322.6,-1528.2399999999998
LIND,Lindsay,128.0,NSW,LP,ALP,0.550434791536195,0.5111452125991308,1,0.0392895789370641,0.0615800041353257,46.494730862093455,10.822732183437022,1908.144820022344,219173.0,698.0
LYNE,Lyne,130.0,NSW,NP,NP,0.6517295908282269,0.6162923716057559,0,0.035437219222471,0.035437219222471,55.73361718768052,10.466784971041234,1365.3251894592013,81281.62,1146.4
MACA,Macarthur,131.0,NSW,ALP,ALP,0.5839966232513266,0.5833259186760388,0,0.0006707045752878,0.0006707045752878,46.57244300260119,10.923783610481928,1856.6960964629577,163452.80000000002,845.0
MACK,Mackellar,132.0,NSW,LP,LP,0.6322281248091836,0.6573628898438497,0,-0.0251347650346661,-0.0251347650346661,45.45101813265124,10.385161787190668,2167.081469796666,247687.44,-2884.7000000000003
MACQ,Macquarie,133.0,NSW,ALP,ALP,0.5019133376654186,0.5219459388531689,0,-0.0200326011877503,-0.0200326011877503,49.69479960618484,10.880068329995815,1929.6383408484496,71020.75,-319.03
MCMA,McMahon,315.0,NSW,ALP,ALP,0.5663696087501318,0.6211441456100792,0,-0.0547745368599474,-0.0547745368599474,46.56210775341478,10.915516399889198,1798.1779437280015,254444.66,-2003.38
MITC,Mitchell,134.0,NSW,LP,LP,0.686341700798897,0.678161801793899,0,0.008179899004998,0.008179899004998,48.1488424616043,11.41515063743005,2439.6238509530035,196986.04,2832.6
NENG,New England,135.0,NSW,NP,NP,0.6436189889025894,0.5851858869100248,0,0.0584331019925645,0.0584331019925645,40.03787498749895,7.874156516956535,1030.1509846021818,20103.23,-80.39999999999999
NEWC,Newcastle,136.0,NSW,ALP,ALP,0.6382644299339265,0.6383634806267949,0,-9.905069286841872e-05,-9.905069286841872e-05,43.66047024214642,9.992372610201468,1662.8843665787276,154915.33,927.09
NSYD,North Sydney,137.0,NSW,LP,LP,0.5927341071502333,0.6361041123738875,0,-0.0433700052236541,-0.0433700052236541,39.85766818684154,9.688541937028852,2039.4534476811407,49685.35,-1148.89
PAGE,Page,138.0,NSW,NP,NP,0.5944928849478969,0.5230470691698849,0,0.071445815778012,0.071445815778012,54.56399626748426,10.450599317925818,1312.2874028333306,40625.87,746.9200000000001
PARK,Parkes,139.0,NSW,NP,NP,0.6690544107629428,0.6510203427154265,0,0.0180340680475162,0.0180340680475162,50.02284332202496,10.400126641831603,1403.0166703839552,4232.14,-60.34
PARR,Parramatta,140.0,NSW,ALP,ALP,0.5350419274831699,0.5766745507302918,0,-0.0416326232471219,-0.0416326232471219,45.65051884682863,11.37888099239019,1969.8068012182423,254247.4,-4157.32
PATE,Paterson,249.0,NSW,ALP,ALP,0.5504410168894165,0.6073769836511173,0,-0.0569359667617007,-0.0569359667617007,47.45062155549613,9.854448367176284,1518.1025729111725,74298.92000000001,1336.9499999999998
REID,Reid,144.0,NSW,LP,LP,0.5317941276886309,0.5468503372076338,0,-0.0150562095190028,-0.0150562095190028,40.419854061876045,10.05276378934099,1862.9351479356048,115563.54,-1653.94
RICH,Richmond,145.0,NSW,ALP,ALP,0.5407795055821372,0.5395638122726072,0,0.0012156933095299,0.0012156933095299,53.436438944442166,10.724031445697255,1538.022946664797,75591.98,796.9900000000001
RIVE,Riverina,250.0,NSW,NP,NP,0.6948217275438128,0.6643651435503437,0,0.030456583993469,0.030456583993469,48.37023172649925,9.646557852026309,1321.8398666961878,15029.570000000003,-28.64
ROBE,Robertson,146.0,NSW,LP,LP,0.542363706394895,0.5114350787703223,0,0.0309286276245726,0.0309286276245726,47.17430849270691,9.785990319887285,1528.0755090613682,315913.78,622.44
SHOR,Shortland,148.0,NSW,ALP,ALP,0.5444788957791559,0.5993696321834391,0,-0.0548907364042832,-0.0548907364042832,39.30989619239625,8.13327035577435,1309.914550241949,195276.58,1065.34
SYDN,Sydney,149.0,NSW,ALP,ALP,0.6867056900279491,0.6531285551763367,0,0.0335771348516124,0.0335771348516124,41.60451411649412,10.566152406025612,1764.2992902206383,135145.41,-4378.23
WARR,Warringah,151.0,NSW,IND,LP,0.5723652073857777,0.6155355041192625,1,-0.0431702967334848,0.0723652073857776,38.47756766641128,8.838789545720477,1853.2259302884052,172159.45999999996,-2098.5
WATS,Watson,251.0,NSW,ALP,ALP,0.6352284866468842,0.6757532798308424,0,-0.0405247931839581,-0.0405247931839581,47.17826396905502,11.258492471286951,1806.341084425805,302773.30999999994,-4215.99
WENT,Wentworth,152.0,NSW,LP,LP,0.513069055418143,0.6774841839889645,0,-0.1644151285708215,-0.1644151285708215,34.60192744161225,8.652668143902131,1806.88219530308,69205.74,-1907.78
WERR,Werriwa,153.0,NSW,ALP,ALP,0.5547124558257012,0.5819652868701112,0,-0.02725283104441,-0.02725283104441,46.176241303412674,10.993016970529755,1837.13786147786,226677.2,998.44
WHIT,Whitlam,150.0,NSW,ALP,ALP,0.6091398739663586,0.6372344856309871,0,-0.0280946116646284,-0.0280946116646284,51.84931799793311,10.566264810035351,1734.477505120337,75271.28,585.76
BEAN,Bean,318.0,ACT,ALP,ALP,0.5751622031655171,0.5885199712723054,0,-0.0133577681067882,-0.0133577681067882,46.183907609939546,11.494222672111354,2294.529725575034,423021.7,-2861.6
CANB,Canberra,101.0,ACT,ALP,ALP,0.6708216149902202,0.6294063591251609,0,0.0414152558650593,0.0414152558650593,46.100839740995546,11.505109422407012,2314.837479216152,431611.0,-2920.0
FENN,Fenner,102.0,ACT,ALP,ALP,0.6055660083340066,0.6183872688257402,0,-0.0128212604917336,-0.0128212604917336,47.26378990621152,11.352694918267815,2030.5289282404976,311360.8,-2102.4
LING,Lingiari,306.0,NT,ALP,ALP,0.5546310443077177,0.5818611952508347,0,-0.0272301509431169,-0.0272301509431169,44.23522935861888,9.998553318829224,1308.272415109108,6203.24,-32.33
SOLO,Solomon,307.0,NT,ALP,ALP,0.530825648101082,0.5609121020083858,0,-0.0300864539073038,-0.0300864539073038,44.86695878166388,11.088748615067423,1991.2768419644965,56028.49,-1207.5599999999995
BLAI,Blair,304.0,QLD,ALP,ALP,0.5120979932238728,0.5813601167096847,0,-0.0692621234858118,-0.0692621234858118,50.85276421371494,10.572816466782452,1492.3453327407076,72636.88,788.38
BONN,Bonner,310.0,QLD,LNP,LNP,0.5740919659825666,0.5338953831095886,0,0.040196582872978,0.040196582872978,18.3640265237482,4.563690122458524,821.9356292085552,508984.4,-3275.2000000000003
BOWM,Bowman,155.0,QLD,LNP,LNP,0.6023754563296353,0.5707013268345519,0,0.0316741294950834,0.0316741294950834,29.945108335505005,6.485533648516774,1074.302186840493,95263.17,388.81
BRIS,Brisbane,156.0,QLD,LNP,LNP,0.5492021146169463,0.5599773526561632,0,-0.0107752380392168,-0.0107752380392168,44.07366365699567,10.952856293900457,1972.645510100532,1221562.56,-7860.48
CAPR,Capricornia,157.0,QLD,LNP,LNP,0.6235458091202356,0.50630978578165,0,0.1172360233385856,0.1172360233385856,27.81470224241579,6.523843977582518,1191.9522133644164,18483.44,-73.08
DAWS,Dawson,158.0,QLD,LNP,LNP,0.6460816423000304,0.5336793940953383,0,0.1124022482046921,0.1124022482046921,11.018529550083494,2.360701039939058,342.2954751683526,11083.83,-1.6000000000000003
DICK,Dickson,252.0,QLD,LNP,LNP,0.5463547468746132,0.5169329141127026,0,0.0294218327619105,0.0294218327619105,49.15770933380763,10.944186602870811,1739.0727496520833,486645.0,4506.0
FADD,Fadden,159.0,QLD,LNP,LNP,0.6417623338682468,0.6124234572348164,0,0.0293388766334303,0.0293388766334303,44.38127319854847,10.001907593823782,1585.387688554167,579114.9,4613.400000000001
FAIR,Fairfax,160.0,QLD,LNP,LNP,0.634412126177796,0.6087319024280322,0,0.0256802237497637,0.0256802237497637,52.25712923160773,10.98205342044758,1695.3111696514418,343590.0,6085.0
FISH,Fisher,161.0,QLD,LNP,LNP,0.6269687424279138,0.5915446262189754,0,0.0354241162089383,0.0354241162089383,51.211986646975575,10.762412352038629,1661.404946258413,336718.2,5963.3
FLYN,Flynn,311.0,QLD,LNP,LNP,0.5865611411069005,0.5104078213572625,0,0.076153319749638,0.076153319749638,39.86100956392039,8.77423835891665,1384.5090862966556,24746.44,-204.86
FORD,Forde,162.0,QLD,LNP,LNP,0.5859571306836804,0.5063282087951376,0,0.0796289218885427,0.0796289218885427,47.86230426912448,11.001827176057732,1717.5091341600314,466196.4,3550.4
GRIF,Griffith,163.0,QLD,ALP,ALP,0.5286145938946164,0.5143209820101949,0,0.0142936118844214,0.0142936118844214,43.15546233080826,10.72467178777753,1931.5487286401044,1196113.34,-7696.719999999999
GROO,Groom,164.0,QLD,LNP,LNP,0.7048235688542452,0.6530516071761263,0,0.0517719616781189,0.0517719616781189,50.10163917445684,10.818474483263216,1588.3805027068831,171135.0,-90.0
HERB,Herbert,165.0,QLD,LNP,ALP,0.5835808392353972,0.5002094252691398,1,0.0833714139662573,0.0837902645045369,2.349093448193417,0.5504603173382353,85.87618361185831,9899.6,-4.6000000000000005
HINK,Hinkler,166.0,QLD,LNP,LNP,0.6450085263992528,0.5837630879824973,0,0.0612454384167554,0.0612454384167554,27.65557052430907,5.348441235850467,671.0056171170071,51755.7,525.09
KENN,Kennedy,167.0,QLD,KAP,KAP,0.6333036063862183,0.6100223683771242,0,0.023281238009094,0.023281238009094,46.14508941346918,9.476251828224775,1339.690497216334,5752.91,-36.50000000000001
LEIC,Leichhardt,168.0,QLD,LNP,LNP,0.5417163223255554,0.5394719806024082,0,0.0022443417231472,0.0022443417231472,24.00603578540769,5.128605229442163,610.6396828892504,2571.9,8.18
LILL,Lilley,169.0,QLD,ALP,ALP,0.5063609544019461,0.5567538973096687,0,-0.0503929429077226,-0.0503929429077226,44.991864983183085,11.181040800023382,2013.74229156096,1247011.78,-8024.24
LONG,Longman,302.0,QLD,LNP,ALP,0.5327728053521381,0.5078916291956216,1,0.0248811761565165,0.0406644345477597,47.775960650727406,10.616997009311987,1685.5877197625014,467754.0,4418.19
MARA,Maranoa,170.0,QLD,LNP,LNP,0.7248706338939198,0.6586191962153939,0,0.0662514376785259,0.0662514376785259,51.51564263056719,10.487771902723026,1464.1737431701958,6669.050000000001,-36.16
MCPH,McPherson,171.0,QLD,LNP,LNP,0.6219669048107997,0.6163582264499695,0,0.0056086783608302,0.0056086783608302,49.31252577616497,11.113230659804202,1761.5418761712965,643461.0,5126.0
MONC,Moncrieff,172.0,QLD,LNP,LNP,0.6536080679728892,0.6460766637924277,0,0.0075314041804614,0.0075314041804614,47.83315000288002,10.779833740010076,1708.6956198861576,624157.1699999999,4972.22
MORE,Moreton,173.0,QLD,ALP,ALP,0.5190198804086406,0.5401809716645504,0,-0.0211610912559098,-0.0211610912559098,45.45096564627679,11.295133053084845,2034.2906822911737,1259736.39,-8106.12
OXLE,Oxley,174.0,QLD,ALP,ALP,0.5639450747323884,0.590114780979152,0,-0.0261697062467636,-0.0261697062467636,45.47859670066839,11.101159730889094,1904.483069091472,855792.72,-3192.12
PETR,Petrie,175.0,QLD,LNP,LNP,0.583983779048594,0.5164829243585184,0,0.0675008546900756,0.0675008546900756,47.395120821266566,10.836912159599514,1780.0752122676747,665507.94,1369.3200000000002
RANK,Rankin,176.0,QLD,ALP,ALP,0.5643500188536953,0.6129730868735587,0,-0.0486230680198633,-0.0486230680198633,46.61957131701393,11.062424980284227,1790.825800875804,606863.48,-492.6400000000003
RYAN,Ryan,177.0,QLD,LNP,LNP,0.5602534586107482,0.5897768719158979,0,-0.0295234133051497,-0.0295234133051497,45.45096564627679,11.295133053084845,2034.2906822911737,1259736.39,-8106.12
WBAY,Wide Bay,178.0,QLD,LNP,LNP,0.6314875575251406,0.5818796924875241,0,0.0496078650376164,0.0496078650376164,52.75366514975831,10.212453036974022,1254.7682874111754,73148.82,1099.69
WRIG,Wright,316.0,QLD,LNP,LNP,0.6457742045348993,0.5961525396861342,0,0.049621664848765,0.049621664848765,50.82545573210795,10.730188080357491,1568.702275605969,103956.38,782.4200000000001
ADEL,Adelaide,179.0,SA,ALP,ALP,0.5818381989345126,0.583035312970237,0,-0.0011971140357244,-0.0011971140357244,47.75049142561007,11.27217708051708,1755.2700051129552,73548.1,-486.97
BARK,Barker,180.0,SA,LP,LP,0.6894459901955218,0.534262418872289,0,0.1551835713232328,0.1551835713232328,52.599700490203794,10.634511815889624,1329.187426000219,7277.360000000001,-10.86
BOOT,Boothby,182.0,SA,LP,LP,0.5137777295459273,0.5270611147176111,0,-0.0132833851716838,-0.0132833851716838,50.62045824664296,11.331129361328252,1885.1611306605848,72247.50000000001,-244.84
GREY,Grey,183.0,SA,LP,LP,0.6332131429620965,0.5107479429433704,0,0.122465200018726,0.122465200018726,47.701940555364274,10.707921333125,1134.795555100728,2893.4,-39.57000000000001
HIND,Hindmarsh,185.0,SA,ALP,ALP,0.5654260933412877,0.5842604633241825,0,-0.0188343699828947,-0.0188343699828947,48.95342664192816,11.05338069189968,1636.0788016615988,104565.76,-456.02
KING,Kingston,186.0,SA,ALP,ALP,0.6194134670676181,0.6354550082230401,0,-0.016041541155422,-0.016041541155422,49.73039480778404,11.062471010439005,1568.045824551637,166824.76,326.46000000000004
MAKI,Makin,187.0,SA,ALP,ALP,0.5972222222222222,0.6078618259538457,0,-0.0106396037316235,-0.0106396037316235,48.8456985323774,11.010784901891617,1616.5329919594035,122361.65,-916.04
MAYO,Mayo,188.0,SA,XEN,XEN,0.5513507756753878,0.5292179282605206,0,0.0221328474148672,0.0221328474148672,53.4857730190821,10.83091859961886,1393.4501170308292,22248.71,269.47
SPEN,Spence,325.0,SA,ALP,ALP,0.6412933316277835,0.6716701680672269,0,-0.0303768364394434,-0.0303768364394434,47.68880490198266,10.815494891535106,1441.34661486463,91262.95,259.29
STUR,Sturt,190.0,SA,LP,LP,0.5686946378449312,0.5539328814981711,0,0.0147617563467601,0.0147617563467601,50.66775717724245,11.278261803284526,1848.691547914443,64348.9,-332.88000000000005
BASS,Bass,192.0,TAS,LP,ALP,0.5040955581743849,0.554238683127572,1,-0.050143124953187,0.0583342413019569,53.308021598397374,10.644407099541215,1336.004611262406,18082.63,-89.93
BRAD,Braddon,193.0,TAS,LP,ALP,0.5309333600102897,0.5173236016807455,1,0.0136097583295441,0.0482569616910352,50.96367784949823,10.419796584249472,1295.5941288710214,8146.990000000001,-0.5299999999999994
CLAR,Clark,319.0,TAS,IND,IND,0.7212018796045122,0.6777244790885925,0,0.0434774005159197,0.0434774005159197,49.764893923765634,11.014240046755882,1683.7510007377873,46394.02,-685.23
FRAN,Franklin,195.0,TAS,ALP,ALP,0.6220520630221602,0.6072858589063657,0,0.0147662041157945,0.0147662041157945,52.37277422781595,10.79841431646556,1441.7978992521691,21917.38,217.06
LYON,Lyons,196.0,TAS,ALP,ALP,0.5518277346151697,0.5383377776453588,0,0.0134899569698108,0.0134899569698108,53.33809699276637,10.45914244035966,1291.2864819305826,8592.09,94.99
ASTO,Aston,197.0,VIC,LP,LP,0.6012588670196822,0.5740939375812207,0,0.0271649294384614,0.0271649294384614,48.82323451350461,11.184864157471564,1908.369231305075,162769.0,-2816.0
BALL,Ballarat,198.0,VIC,ALP,ALP,0.6023481043507746,0.5735999574535978,0,0.0287481468971767,0.0287481468971767,50.8005688150178,10.896229945348184,1707.2946374632747,36774.12,512.4300000000001
BEND,Bendigo,200.0,VIC,ALP,ALP,0.588534557637424,0.5387255680915303,0,0.0498089895458937,0.0498089895458937,51.59004484677837,11.018187075747726,1622.2936081361531,82704.95,784.5699999999999
BRUC,Bruce,201.0,VIC,ALP,ALP,0.5728078064109323,0.640473370208974,0,-0.0676655637980416,-0.0676655637980416,46.039989650796656,11.088230221747908,1839.7607493833084,330492.23,-467.6600000000001
CALW,Calwell,203.0,VIC,ALP,ALP,0.6961585668398924,0.697344158172412,0,-0.0011855913325196,-0.0011855913325196,45.68660626765842,10.957282627910017,1756.701604172168,243738.0,209.0
CASE,Casey,204.0,VIC,LP,LP,0.5461968114130381,0.5454126750184229,0,0.0007841363946151,0.0007841363946151,49.19062176466531,11.037505880138704,1875.8829702109908,158429.44,-1873.24
CHIS,Chisholm,205.0,VIC,LP,LP,0.5045125795883044,0.5291247875443271,0,-0.0246122079560227,-0.0246122079560227,47.83301836617569,11.416252871050483,1931.2120324018629,192037.3,-6461.67
COOP,Cooper,320.0,VIC,ALP,ALP,0.6483316674818705,0.512741462082774,0,0.1355902053990965,0.1355902053990965,46.18429848200853,11.245619909302908,1925.0703395534852,159616.5,-4428.58
CORA,Corangamite,328.0,VIC,ALP,ALP,0.5105396668612221,0.5003025355907436,0,0.0102371312704785,0.0102371312704785,50.79576092932668,11.18658426145307,1902.278544973228,107948.75999999998,1864.75
CORI,Corio,208.0,VIC,ALP,ALP,0.6032485418016851,0.5820173920567622,0,0.0212311497449229,0.0212311497449229,49.843520299362574,10.968611640159292,1725.486435831047,269508.0,3818.0
DEAK,Deakin,209.0,VIC,LP,LP,0.546922013897737,0.5643733288943913,0,-0.0174513149966543,-0.0174513149966543,48.79442601713051,11.260669620546338,1919.7526766979936,133275.22,-3004.3900000000003
DUNK,Dunkley,210.0,VIC,ALP,ALP,0.5273887718428554,0.5102590421950708,0,0.0171297296477845,0.0171297296477845,49.363981840374905,11.005446381014636,1734.4027617671447,146154.7,-1544.7
FLIN,Flinders,211.0,VIC,LP,LP,0.5563887284429408,0.5701068943567682,0,-0.0137181659138273,-0.0137181659138273,45.2297903330997,9.795549739644056,1462.6373927925515,120048.85,101.61
FRAS,Fraser,321.0,VIC,ALP,ALP,0.6805317874561478,0.6979021919404724,0,-0.0173704044843245,-0.0173704044843245,45.90015161077319,11.083288900360824,1762.4102666031,167051.84000000003,-5798.24
GELL,Gellibrand,212.0,VIC,ALP,ALP,0.6301622297541873,0.651185352037289,0,-0.0210231222831016,-0.0210231222831016,45.82266310992534,11.196327992657908,1987.9505702398155,200617.16,462.50000000000017
GIPP,Gippsland,213.0,VIC,NP,NP,0.6667080411262127,0.6820830419871474,0,-0.0153750008609346,-0.0153750008609346,53.86950352521116,10.65222469427652,1350.3118818775042,48403.48,632.5899999999999
GOLD,Goldstein,214.0,VIC,LP,LP,0.5779173713457357,0.6267692965576224,0,-0.0488519252118866,-0.0488519252118866,50.79788279246357,11.535180291320234,2266.0177486880866,118956.61,-2359.84
GORT,Gorton,309.0,VIC,ALP,ALP,0.6423565557686054,0.6849180602607228,0,-0.0425615044921173,-0.0425615044921173,45.35164722070149,11.041385559202324,1821.3363912012744,184524.52,1786.4000000000003
HAWK,Hawke,326.0,VIC,ALP,-,0.6021690360227365,0.5,1,0.1021690360227365,0.1021690360227365,48.18842685874014,10.925786823918624,1820.4651316272343,92145.25,1367.27
HIGG,Higgins,215.0,VIC,LP,LP,0.5260824498927557,0.5737818248593063,0,-0.0476993749665506,-0.0476993749665506,46.48944632598765,11.652386153865438,2204.756632609984,132485.66999999998,-4728.570000000001
HOLT,Holt,216.0,VIC,ALP,ALP,0.5863259506306222,0.5994081972023868,0,-0.0130822465717646,-0.0130822465717646,45.85191105803954,11.10469472885855,1891.3265072994311,368861.0,836.0
HOTH,Hotham,217.0,VIC,ALP,ALP,0.6117903232250589,0.5421096884745149,0,0.0696806347505439,0.0696806347505439,48.12010303891038,11.330119930823937,1839.2808051311613,174604.36000000002,-5503.4400000000005
INDI,Indi,218.0,VIC,IND,IND,0.513946393549793,0.5551738575001879,0,-0.0412274639503948,-0.0412274639503948,52.93749170462737,10.538946417113191,1437.8909904669451,13524.04,129.0
ISAA,Isaacs,219.0,VIC,ALP,ALP,0.5645547662316207,0.5298449485167799,0,0.0347098177148408,0.0347098177148408,48.10302471477677,11.098515011370155,1764.3356792670108,163958.86,-4542.86
JAGA,Jagajaga,220.0,VIC,ALP,ALP,0.5589308581827285,0.5560457551081156,0,0.0028851030746128,0.0028851030746128,49.22852167656151,11.319702227226298,2163.744432845684,97023.0,-1855.0
KOOY,Kooyong,221.0,VIC,LP,LP,0.5541612702067443,0.6281913841734406,0,-0.0740301139666962,-0.0740301139666962,48.43349891837335,11.643430767728622,2247.843802463748,176565.80000000002,-6391.2
LTRO,La Trobe,223.0,VIC,LP,LP,0.5513228912476409,0.5322113445532212,0,0.0191115466944197,0.0191115466944197,46.78213260283314,10.966335284814342,1853.494371171368,128682.44,1348.64
LALO,Lalor,222.0,VIC,ALP,ALP,0.6245580506450071,0.6418954512599998,0,-0.0173374006149926,-0.0173374006149926,43.79430218185727,11.246381231338784,1980.005705665587,289571.0,2815.0
MACN,Macnamara,322.0,VIC,ALP,ALP,0.5491439237899073,0.5120540997464075,0,0.0370898240434998,0.0370898240434998,43.3833361445493,11.51783345104613,2009.4172560188235,135310.21000000002,-6976.33
MALL,Mallee,224.0,VIC,NP,NP,0.6567870762819021,0.6979702410656998,0,-0.0411831647837976,-0.0411831647837976,53.64791094699239,10.525994987834135,1369.7961185751085,21100.699999999997,-246.23
MARI,Maribyrnong,225.0,VIC,ALP,ALP,0.6030761011394109,0.6039676947260014,0,-0.0008915935865905,-0.0008915935865905,46.62163468311047,11.12120122580598,1871.860407868205,185248.23,-2562.45
MCEW,McEwen,226.0,VIC,ALP,ALP,0.552776853243966,0.5600114409658082,0,-0.0072345877218422,-0.0072345877218422,48.84835188612921,10.944344707733867,1923.501126271592,78263.55,478.82
MELB,Melbourne,228.0,VIC,GRN,GRN,0.7259506135434025,0.6903669179368892,0,0.0355836956065133,0.0355836956065133,40.432843392653,11.686885490433534,1968.2861202172928,142061.74,-10089.86
MENZ,Menzies,229.0,VIC,LP,LP,0.5701668785916354,0.5781366407487855,0,-0.00796976215715,-0.00796976215715,51.01106526838052,11.32387084308838,1981.452879320944,128583.16,-2187.79
MONA,Monash,323.0,VIC,LP,LP,0.568592276284076,0.575085550281488,0,-0.0064932739974119,-0.0064932739974119,52.89857803575852,10.747649635017796,1518.5539303058104,44374.15,982.13
NICH,Nicholls,324.0,VIC,NP,NP,0.7002938398572778,0.5249411166277796,0,0.1753527232294981,0.1753527232294981,52.67165197803164,10.606472246158727,1457.4389838980533,38342.04,146.88
SCUL,Scullin,232.0,VIC,ALP,ALP,0.7165637355814789,0.6957547723590598,0,0.020808963222419,0.020808963222419,46.08765587084286,11.030873320608702,1799.2554395756276,237932.0,-322.0
WANN,Wannon,233.0,VIC,LP,LP,0.6016518861161034,0.59150039025757,0,0.0101514958585334,0.0101514958585334,52.42606271210339,10.559801428453722,1440.3117258492737,16866.16,18.55999999999999
WILL,Wills,234.0,VIC,ALP,ALP,0.5846514666352528,0.549277097122471,0,0.0353743695127818,0.0353743695127818,45.7187992257114,11.231427315456669,1962.4629812438304,184707.0,-4969.0
BRAN,Brand,235.0,WA,ALP,ALP,0.5665514796096397,0.6143322156685186,0,-0.0477807360588788,-0.0477807360588788,46.09132394717994,11.017792599033562,1679.859767376421,111255.48,1096.44
BURT,Burt,317.0,WA,ALP,ALP,0.5549574331855154,0.5711017330899263,0,-0.0161442999044109,-0.0161442999044109,46.20836926791755,11.081716467403885,1719.1621767381998,110686.88,286.67999999999995
CANN,Canning,236.0,WA,LP,LP,0.6156092411020138,0.5679338177858783,0,0.0476754233161355,0.0476754233161355,48.75603881578751,10.46974125976018,1555.5248561057651,31643.04,389.5
COWA,Cowan,237.0,WA,ALP,ALP,0.5085998792999397,0.5067856091096495,0,0.0018142701902901,0.0018142701902901,47.06254015038407,11.216649201942934,1837.058151427576,183374.02,-312.32000000000005
CURT,Curtin,238.0,WA,LP,LP,0.639476948935489,0.70695163471853,0,-0.0674746857830409,-0.0674746857830409,44.97313068133534,10.48973301359529,1996.9254163290157,84113.94000000002,-775.8199999999998
DURA,Durack,312.0,WA,LP,LP,0.6348525706202202,0.6105569247219288,0,0.0242956458982913,0.0242956458982913,43.791008674486974,10.31902320512194,1644.8335796706504,7222.370000000002,-89.42999999999999
FORR,Forrest,239.0,WA,LP,LP,0.6457614822255706,0.625580049828199,0,0.0201814323973715,0.0201814323973715,50.665944678003015,10.968080998445892,1601.2790989750474,21843.42,216.68
FREM,Fremantle,240.0,WA,ALP,ALP,0.5691579860158282,0.5752038267590367,0,-0.0060458407432084,-0.0060458407432084,46.65991174278027,11.059456270424423,1894.5479407910568,107191.25,1259.88
HASL,Hasluck,305.0,WA,LP,LP,0.5588942703700043,0.5205351318753,0,0.0383591384947042,0.0383591384947042,48.86139272644684,11.184597317076726,1820.3023354038328,90759.07,847.79
MOOR,Moore,242.0,WA,LP,LP,0.616244292465057,0.6101547775429779,0,0.006089514922079,0.006089514922079,48.347382514825625,11.196315793502444,1990.5195198611327,165794.3,-1123.82
OCON,O'Connor,243.0,WA,LP,LP,0.6541465846767492,0.6504129569558516,0,0.0037336277208976,0.0037336277208976,42.27602705042048,10.034398169938038,1322.065422138012,4159.59,-55.13
PEAR,Pearce,244.0,WA,LP,LP,0.5519141464316244,0.536262524129056,0,0.0156516223025684,0.0156516223025684,45.57755283696279,11.157101662585308,1798.4937670489744,206934.4,1157.15
PERT,Perth,245.0,WA,ALP,ALP,0.5322689799433985,0.5333189845870551,0,-0.0010500046436565,-0.0010500046436565,43.379334918208,10.537070460937588,1748.9713436535887,88444.12000000001,-781.23
SWAN,Swan,247.0,WA,LP,LP,0.5322411213564934,0.5359204933539716,0,-0.0036793719974782,-0.0036793719974782,43.826243976623736,10.45972764570897,1690.0663895852256,55132.75,-361.01
TANG,Tangney,248.0,WA,LP,LP,0.5950474122050069,0.6106503919104889,0,-0.0156029797054819,-0.0156029797054819,43.79704089308505,10.331386326673035,1744.0286985745122,92541.66,-641.4
